INSERT INTO tb_gameconsole (id, name, release_year, units_sold) values (1, 'Playstation 1', 1994, 102490000);
INSERT INTO tb_gameconsole (id, name, release_year, units_sold) values (2, 'Playstation 2', 2000, 155000000);
INSERT INTO tb_gameconsole (id, name, release_year, units_sold) values (3, 'Nintendo Ds', 2004, 154020000);
INSERT INTO tb_gameconsole (id, name, release_year, units_sold) values (4, 'SNES', 1990, 49100000);
INSERT INTO tb_gameconsole (id, name, release_year, units_sold) values (5, 'GBA', 2001, 81510000);
INSERT INTO tb_gameconsole (id, name, release_year, units_sold) values (6, 'Nintendo 3Ds', 2011, 75940000);

INSERT INTO tb_game (id, name, game_genre, release_year, units_sold, game_console_id) values(1, 'Final Fantasy Tactics', 'RPG', 1997, 2270000, 1);
INSERT INTO tb_game (id, name, game_genre, release_year, units_sold, game_console_id) values(2, 'Silent Hill', 'Survival Horror', 1999, 2000000, 1);
INSERT INTO tb_game (id, name, game_genre, release_year, units_sold, game_console_id) values(3, 'Yu-Gi-Oh! Forbidden Memories', 'Card Game', 1999, 2510804, 1);
INSERT INTO tb_game (id, name, game_genre, release_year, units_sold, game_console_id) values(4, 'Gran Turismo', 'Corrida', 1997, 10850000, 1);
INSERT INTO tb_game (id, name, game_genre, release_year, units_sold, game_console_id) values(5, 'Gran Turismo 2', 'Corrida', 1999, 9370000, 1);
INSERT INTO tb_game (id, name, game_genre, release_year, units_sold, game_console_id) values(6, 'Final Fantasy VII', 'RPG', 1997, 10022228, 1);
INSERT INTO tb_game (id, name, game_genre, release_year, units_sold, game_console_id) values(7, 'Final Fantasy VIII', 'RPG', 1999, 8600000, 1);
INSERT INTO tb_game (id, name, game_genre, release_year, units_sold, game_console_id) values(8, 'Tekken 3', 'Luta', 1998, 8300000, 1);
INSERT INTO tb_game (id, name, game_genre, release_year, units_sold, game_console_id) values(9, 'Crash Bandicoot', 'Plataforma',1996, 6820000, 1);
INSERT INTO tb_game (id, name, game_genre, release_year, units_sold, game_console_id) values(10, 'Crash Bandicoot 2: Cortex Strikes Back', 'Plataforma', 1997, 7580000, 1);
INSERT INTO tb_game (id, name, game_genre, release_year, units_sold, game_console_id) values(11, 'Crash Bandicoot: Warped', 'Plataforma', 1998, 7130000, 1);
INSERT INTO tb_game (id, name, game_genre, release_year, units_sold, game_console_id) values(12, 'Resident Evil', 'Survival Horror', 1996, 5080000, 1);

INSERT INTO tb_game (id, name, game_genre, release_year, units_sold, game_console_id) values(13, 'Kingdom Hearts', 'RPG', 2002, 5900000, 2);
INSERT INTO tb_game (id, name, game_genre, release_year, units_sold, game_console_id) values(14, 'Resident Evil 4', 'Ação', 2005, 2300000, 2);
INSERT INTO tb_game (id, name, game_genre, release_year, units_sold, game_console_id) values(15, 'Grand Theft Auto III', 'Ação', 2001, 8305000, 2);
INSERT INTO tb_game (id, name, game_genre, release_year, units_sold, game_console_id) values(16, 'Grand Theft Auto: Vice City', 'Ação', 2002, 10500000, 2);
INSERT INTO tb_game (id, name, game_genre, release_year, units_sold, game_console_id) values(17, 'Grand Theft Auto: San Andreas', 'Ação', 2004, 17330000, 2);
INSERT INTO tb_game (id, name, game_genre, release_year, units_sold, game_console_id) values(18, 'Gran Turismo 3: A-Spec', 'Corrida', 2001, 14890000, 2);
INSERT INTO tb_game (id, name, game_genre, release_year, units_sold, game_console_id) values(19, 'Gran Turismo 4', 'Corrida', 2004, 11760000, 2);
INSERT INTO tb_game (id, name, game_genre, release_year, units_sold, game_console_id) values(20, 'Final Fantasy X', 'RPG', 2001, 8500000, 2);
INSERT INTO tb_game (id, name, game_genre, release_year, units_sold, game_console_id) values(21, 'Final Fantasy XII', 'RPG', 2006, 6000000, 2);
INSERT INTO tb_game (id, name, game_genre, release_year, units_sold, game_console_id) values(22, 'Tekken 5', 'Luta', 2005, 6000000, 2);
INSERT INTO tb_game (id, name, game_genre, release_year, units_sold, game_console_id) values(23, 'God of War', 'Ação', 2005, 4610000, 2);
INSERT INTO tb_game (id, name, game_genre, release_year, units_sold, game_console_id) values(24, 'God of War II', 'Ação', 2007, 4240000, 2);

INSERT INTO tb_game (id, name, game_genre, release_year, units_sold, game_console_id) values(25, 'Castlevania: Portrait of Ruin', 'Metroidvania', 2006, 400000, 3);
INSERT INTO tb_game (id, name, game_genre, release_year, units_sold, game_console_id) values(26, 'Castlevania: Order of Ecclesia', 'Metroidvania', 2008, 370000, 3);
INSERT INTO tb_game (id, name, game_genre, release_year, units_sold, game_console_id) values(27, 'New Super Mario Bros', 'Plataforma', 2006, 30800000, 3);
INSERT INTO tb_game (id, name, game_genre, release_year, units_sold, game_console_id) values(28, 'Pokémon Diamond and Pearl', 'RPG', 2006, 17670000, 3);
INSERT INTO tb_game (id, name, game_genre, release_year, units_sold, game_console_id) values(29, 'Pokémon Black and White', 'RPG', 2010, 15640000, 3);
INSERT INTO tb_game (id, name, game_genre, release_year, units_sold, game_console_id) values(30, 'Pokémon Platinum Version', 'RPG', 2008, 7060000, 3);
INSERT INTO tb_game (id, name, game_genre, release_year, units_sold, game_console_id) values(31, 'Super Mario 64 DS', 'Plataforma', 2004, 11060000, 3);
INSERT INTO tb_game (id, name, game_genre, release_year, units_sold, game_console_id) values(32, 'Mario & Luigi: Bowsers Inside Story', 'RPG', 2009, 4560000, 3);
INSERT INTO tb_game (id, name, game_genre, release_year, units_sold, game_console_id) values(33, 'Mario Kart Ds', 'Corrida', 2005, 23600000, 3);
INSERT INTO tb_game (id, name, game_genre, release_year, units_sold, game_console_id) values(34, 'The Legend of Zelda: Phantom Hourglass', 'Ação e Aventura', 2007, 4760000, 3);
INSERT INTO tb_game (id, name, game_genre, release_year, units_sold, game_console_id) values(35, 'The Legend of Zelda: Spirit Tracks', 'Ação e Aventura', 2009, 2960000, 3);
INSERT INTO tb_game (id, name, game_genre, release_year, units_sold, game_console_id) values(36, 'Final Fantasy Tactics Advance 2: Grimoire of The Rift', 'RPG', 2007, 670000, 3);

INSERT INTO tb_game (id, name, game_genre, release_year, units_sold, game_console_id) values(37, 'Super Metroid', 'Ação e Aventura', 1994, 1420000, 4);
INSERT INTO tb_game (id, name, game_genre, release_year, units_sold, game_console_id) values(38, 'Super Mario World', 'Plataforma', 1990, 20610000, 4);
INSERT INTO tb_game (id, name, game_genre, release_year, units_sold, game_console_id) values(39, 'Donkey Kong Country', 'Plataforma', 1994, 9300000, 4);
INSERT INTO tb_game (id, name, game_genre, release_year, units_sold, game_console_id) values(40, 'Super Mario Kart', 'Corrida', 1992, 8760000, 4);
INSERT INTO tb_game (id, name, game_genre, release_year, units_sold, game_console_id) values(41, 'Street Fighter II: The World Warrior', 'Luta', 1992, 6300000, 4);
INSERT INTO tb_game (id, name, game_genre, release_year, units_sold, game_console_id) values(42, 'Donkey Kong Country 2: Diddys Kong Quest', 'Plataforma', 1995, 5150000, 4);
INSERT INTO tb_game (id, name, game_genre, release_year, units_sold, game_console_id) values(43, 'The Legend of Zelda: A Link to the Past', 'Ação e Aventura', 1991, 4610000, 4);
INSERT INTO tb_game (id, name, game_genre, release_year, units_sold, game_console_id) values(44, 'Super Mario World 2: Yoshis Island', 'Plataforma', 1995, 4120000, 4);
INSERT INTO tb_game (id, name, game_genre, release_year, units_sold, game_console_id) values(45, 'Final Fantasy VI', 'RPG', 1994, 3420000, 4);
INSERT INTO tb_game (id, name, game_genre, release_year, units_sold, game_console_id) values(46, 'F-Zero', 'Corrida', 1990, 2850000, 4);
INSERT INTO tb_game (id, name, game_genre, release_year, units_sold, game_console_id) values(47, 'Dragon Quest VI', 'RPG', 1995, 3200000, 4);
INSERT INTO tb_game (id, name, game_genre, release_year, units_sold, game_console_id) values(48, 'Mega Man X', 'Plataforma', 1993, 1160000, 4);

INSERT INTO tb_game (id, name, game_genre, release_year, units_sold, game_console_id) values(49, 'Pokémon Emerald Version', 'RPG', 2004, 7060000, 5);
INSERT INTO tb_game (id, name, game_genre, release_year, units_sold, game_console_id) values(50, 'Pokémon Ruby and Sapphire', 'RPG', 2002, 16220000, 5);
INSERT INTO tb_game (id, name, game_genre, release_year, units_sold, game_console_id) values(51, 'Pokémon FireRed and LeafGreen', 'RPG', 2004, 12000000, 5);
INSERT INTO tb_game (id, name, game_genre, release_year, units_sold, game_console_id) values(52, 'Metroid Fusion', 'Ação e Aventura', 2002, 1600000, 5);
INSERT INTO tb_game (id, name, game_genre, release_year, units_sold, game_console_id) values(53, 'Yu-Gi-Oh! The Eternal Duelist Soul', 'Card Game', 2001, 1710534, 5);
INSERT INTO tb_game (id, name, game_genre, release_year, units_sold, game_console_id) values(54, 'Mario Kart: Super Circuit', 'Corrida', 2001, 5910000, 5);
INSERT INTO tb_game (id, name, game_genre, release_year, units_sold, game_console_id) values(55, 'Super Mario World: Super Mario Advance 2', 'Plataforma', 2001, 5690000, 5);
INSERT INTO tb_game (id, name, game_genre, release_year, units_sold, game_console_id) values(56, 'Final Fantasy Tactics Advance', 'RPG', 2003, 1621000, 5);
INSERT INTO tb_game (id, name, game_genre, release_year, units_sold, game_console_id) values(57, 'Wario Land 4', 'Plataforma', 2001, 2200000, 5);
INSERT INTO tb_game (id, name, game_genre, release_year, units_sold, game_console_id) values(58, 'Mario vs. Donkey Kong', 'Plataforma', 2004, 1370000, 5);
INSERT INTO tb_game (id, name, game_genre, release_year, units_sold, game_console_id) values(59, 'F-Zero: Maximum Velocity', 'Corrida', 2001, 1050000, 5);
INSERT INTO tb_game (id, name, game_genre, release_year, units_sold, game_console_id) values(60, 'The Legend of Zelda: The Minish Cap', 'Ação e Aventura', 2004, 1760000, 5);

INSERT INTO tb_game (id, name, game_genre, release_year, units_sold, game_console_id) values(61, 'Mario Kart 7', 'Corrida', 2011, 18980000, 6);
INSERT INTO tb_game (id, name, game_genre, release_year, units_sold, game_console_id) values(62, 'Bravely Default', 'RPG', 2012, 1400000, 6);
INSERT INTO tb_game (id, name, game_genre, release_year, units_sold, game_console_id) values(63, 'Super Mario 3D Land ', 'Plataforma', 2011, 12880000, 6);
INSERT INTO tb_game (id, name, game_genre, release_year, units_sold, game_console_id) values(64, 'Yo-kai Watch 2', 'RPG', 2014, 7300000, 6);
INSERT INTO tb_game (id, name, game_genre, release_year, units_sold, game_console_id) values(65, 'Luigis Mansion: Dark Moon', 'Ação e Aventura', 2013, 6480000, 6);
INSERT INTO tb_game (id, name, game_genre, release_year, units_sold, game_console_id) values(66, 'The Legend of Zelda: A Link Between Worlds', 'Ação e Aventura', 2013, 4260000, 6);
INSERT INTO tb_game (id, name, game_genre, release_year, units_sold, game_console_id) values(67, 'Fire Emblem Awakening', 'Tactical RPG', 2012, 2370000, 6);
INSERT INTO tb_game (id, name, game_genre, release_year, units_sold, game_console_id) values(68, 'Fire Emblem Fates: Birthright and Conquest', 'Tactical RPG', 2015, 3090000, 6);
INSERT INTO tb_game (id, name, game_genre, release_year, units_sold, game_console_id) values(69, 'Fire Emblem Echoes: Shadows of Valentia', 'Tactical RPG', 2017, 1000000, 6);
INSERT INTO tb_game (id, name, game_genre, release_year, units_sold, game_console_id) values(70, 'Mario & Luigi: Dream Team', 'RPG', 2013, 2700000, 6);
INSERT INTO tb_game (id, name, game_genre, release_year, units_sold, game_console_id) values(71, 'Pokémon X and Y', 'RPG', 2013, 16720000, 6);
INSERT INTO tb_game (id, name, game_genre, release_year, units_sold, game_console_id) values(72, 'Pokémon Sun and Moon', 'RPG', 2016, 16320000, 6);


--INSERT INTO tb_console_game (console_id, game_id) values(1, 1);
--INSERT INTO tb_console_game (console_id, game_id) values(1, 2);
--INSERT INTO tb_console_game (console_id, game_id) values(1, 3);
--INSERT INTO tb_console_game (console_id, game_id) values(2, 9);
--INSERT INTO tb_console_game (console_id, game_id) values(2, 10);
--INSERT INTO tb_console_game (console_id, game_id) values(3, 4);
--INSERT INTO tb_console_game (console_id, game_id) values(3, 5);
--INSERT INTO tb_console_game (console_id, game_id) values(4, 8);
--INSERT INTO tb_console_game (console_id, game_id) values(5, 6);
--INSERT INTO tb_console_game (console_id, game_id) values(6, 7);